                  epoch,         train/box_loss,         train/cls_loss,         train/dfl_loss,   metrics/precision(B),      metrics/recall(B),       metrics/mAP50(B),    metrics/mAP50-95(B),           val/box_loss,           val/cls_loss,           val/dfl_loss,                 lr/pg0,                 lr/pg1,                 lr/pg2
                      1,                 1.5449,                 2.5237,                  1.623,                0.16992,                0.96296,                0.70646,                 0.3178,                 1.3959,                 2.5719,                 1.6533,                0.00028,                0.00028,                0.00028
                      2,                  1.325,                  1.674,                 1.4078,                0.82418,                0.52098,                0.76014,                0.40943,                 1.5057,                 2.2416,                 1.7757,             0.00056359,             0.00056359,             0.00056359
                      3,                 1.2983,                 1.5123,                 1.3634,                 0.5931,                0.25926,                0.35098,                 0.1767,                 2.3432,                 2.7677,                 2.3364,             0.00083022,             0.00083022,             0.00083022
